110, 2.0, 0.0, 0.0
112, 2.0, 0.0, 0.0
114, 2.0, 0.0, 0.0
119, 2.0, 0.0, 0.0
121, 2.0, 0.0, 0.0
122, 2.0, 0.0, 0.0
123, 2.0, 0.0, 0.0
126, 2.0, 0.0, 0.0
201, 1.0, 0.0, 0.0
203, 2.0, 0.0, 2.0
205, 2.0, 0.0, 4.0
260A, 7.0, 0.0, 0.0
301, 3.0, 0.0, 0.0
303, 1.0, 0.0, 0.0
327, 1.0, 0.0, 0.0
329, 1.0, 0.0, 0.0
331, 1.0, 0.0, 0.0
333, 1.0, 0.0, 0.0
Arts & Ceramic, 5.0, 0.0, 0.0
CADD & Graphics, 1.0, 0.0, 0.0
Kit Conf, 1.0, 0.0, 0.0
138, 0.0, 1.0, 0.0
230, 0.0, 7.0, 7.0
232, 0.0, 7.0, 0.0
AHS Weather Station, 0.0, 7.0, 0.0
CC Scene Shop, 0.0, 7.0, 0.0
Outside Air, 0.0, 6.0, 0.0
207, 0.0, 0.0, 3.0
224, 0.0, 0.0, 4.0
225, 0.0, 0.0, 2.0
226, 0.0, 0.0, 1.0
227, 0.0, 0.0, 4.0
228, 0.0, 0.0, 3.0
251, 0.0, 0.0, 7.0
255A&B, 0.0, 0.0, 2.0
271, 0.0, 0.0, 1.0
272, 0.0, 0.0, 2.0
307, 0.0, 0.0, 1.0
309, 0.0, 0.0, 6.0
311, 0.0, 0.0, 4.0
323, 0.0, 0.0, 7.0
328, 0.0, 0.0, 2.0
335, 0.0, 0.0, 6.0
337, 0.0, 0.0, 6.0
339, 0.0, 0.0, 6.0
341, 0.0, 0.0, 6.0
343, 0.0, 0.0, 5.0
349, 0.0, 0.0, 6.0
353, 0.0, 0.0, 2.0
357, 0.0, 0.0, 6.0
359, 0.0, 0.0, 5.0
361, 0.0, 0.0, 6.0
363, 0.0, 0.0, 3.0
365, 0.0, 0.0, 4.0
369, 0.0, 0.0, 5.0
370, 0.0, 0.0, 4.0
377, 0.0, 0.0, 4.0
